id,prodi,semester,kode,nama,sks,created_at,id_matkul,id_dosen,create_at,id_waktu,id_kelas,jam_mulai,jam_akhir,id_hari,id_ruangan
941,1,1,11118102,Bahasa Inggris I,2,2025-05-26 07:43:07.517818+00,3,60,2025-05-26 07:53:05.593062,2,1,,,,
943,1,1,11318107,Penget. Bahan Teknik,3,2025-05-26 07:43:07.517818+00,4,30,2025-05-26 07:53:32.550305,1,1,,,,
944,1,1,11218105,Kimia Dasar,2,2025-05-26 07:43:07.517818+00,5,59,2025-05-26 07:54:11.629262,1,1,,,,
945,1,1,11218105,Kimia Dasar,2,2025-05-26 07:43:07.517818+00,5,59,2025-05-26 07:54:20.848949,2,1,,,,
947,1,1,11218104,Matematika I,3,2025-05-26 07:43:07.517818+00,7,61,2025-05-26 07:55:01.647318,2,1,,,,
948,1,1,11218103,Fisika I,3,2025-05-26 07:43:07.517818+00,8,46,2025-05-26 07:55:06.768318,2,1,,,,
949,1,1,11318108,Proses Manufaktur I,2,2025-05-26 07:43:07.517818+00,6,13,2025-05-26 07:55:16.297483,1,1,,,,
951,1,1,11218103,Fisika I,3,2025-05-26 07:43:07.517818+00,8,46,2025-05-26 07:55:26.834687,1,1,,,,
968,1,3,11118301,Pend. Kewarganegaraan,2,2025-05-26 07:43:07.517818+00,9,35,2025-05-26 08:07:15.397107,2,1,,,,
970,1,3,11218302,Teknik Tenaga Listrik,3,2025-05-26 07:43:07.517818+00,10,58,2025-05-26 08:07:34.89867,2,1,,,,
971,1,3,11218302,Teknik Tenaga Listrik,3,2025-05-26 07:43:07.517818+00,10,58,2025-05-26 08:07:42.778542,2,2,,,,
972,1,3,11218303,Matematika Rekayasa,3,2025-05-26 07:43:07.517818+00,11,61,2025-05-26 08:07:56.841906,2,1,,,,
974,1,3,11318304,Prakt. Mesin dasar,2,2025-05-26 07:43:07.517818+00,12,33,2025-05-26 08:08:27.889195,2,1,,,,
975,1,3,11318304,Prakt. Mesin dasar,2,2025-05-26 07:43:07.517818+00,12,13,2025-05-26 08:08:37.606696,2,2,,,,
976,1,3,11318305,Termodinamika ,3,2025-05-26 07:43:07.517818+00,13,33,2025-05-26 08:08:52.525376,2,1,,,,
978,1,3,11318306,Mekanika teknik II,3,2025-05-26 07:43:07.517818+00,14,24,2025-05-26 08:09:21.463798,2,1,,,,
979,1,3,11318306,Mekanika teknik II,3,2025-05-26 07:43:07.517818+00,14,24,2025-05-26 08:09:28.108091,2,2,,,,
980,1,3,11318307,Teori dan Prak  PLC,3,2025-05-26 07:43:07.517818+00,15,25,2025-05-26 08:09:38.659578,2,1,,,,
982,1,3,11318307,Teori dan Prak  PLC,3,2025-05-26 07:43:07.517818+00,15,25,2025-05-26 08:09:51.171836,2,2,,,,
983,1,3,11318308,Metrologi Industri,2,2025-05-26 07:43:07.517818+00,16,25,2025-05-26 08:09:55.941425,2,2,,,,
984,1,5,11118501,Statistik Industri,2,2025-05-26 07:43:07.517818+00,17,44,2025-05-26 08:10:46.742344,2,1,,,,
986,1,5,11318503,Mekanika Fluida II,3,2025-05-26 07:43:07.517818+00,19,13,2025-05-26 08:11:46.602883,2,1,,,,
987,1,5,11318504,Pesawat Pengangkat,2,2025-05-26 07:43:07.517818+00,20,12,2025-05-26 08:12:01.090094,2,1,,,,
988,1,5,11318505,Mesin Konversi Energi,3,2025-05-26 07:43:07.517818+00,21,33,2025-05-26 08:12:23.890145,2,1,,,,
990,1,5,11318507,Elemen Mesin II,3,2025-05-26 07:43:07.517818+00,23,26,2025-05-26 08:12:39.412493,2,1,,,,
991,1,5,11318508,Kinematika dan Dinamika,3,2025-05-26 07:43:07.517818+00,24,33,2025-05-26 08:12:47.184284,2,1,,,,
992,1,7,11415701,Prakt. Prestasi Mesin,2,2025-05-26 07:43:07.517818+00,25,13,2025-05-26 08:14:21.64065,2,1,,,,
994,1,7,11315703,Motor Pembakaran Dlm,3,2025-05-26 07:43:07.517818+00,27,13,2025-05-26 08:17:33.48973,2,1,,,,
995,1,7,11315704,Teknik Pembentukan,3,2025-05-26 07:43:07.517818+00,28,24,2025-05-26 08:17:44.937985,2,1,,,,
997,1,7,115006,Penulisan Ilmiah,2,2025-05-26 07:43:07.517818+00,30,58,2025-05-26 08:18:51.051886,2,1,,,,
998,1,7,11315707,Pesawt Pengangkat,2,2025-05-26 07:43:07.517818+00,31,12,2025-05-26 08:19:04.618448,2,1,,,,
999,2,1,12218143,PENGENALAN KOMPUTER,3,2025-05-26 07:43:07.517818+00,62,40,2025-05-26 08:20:57.377458,1,1,,,,
1001,2,1,12218162,RANGKAIAN DIGITAL,2,2025-05-26 07:43:07.517818+00,64,27,2025-05-26 08:21:29.441586,1,1,,,,
1002,2,1,12218191,PRAKTIKUM RANGKAIAN DIGITAL,1,2025-05-26 07:43:07.517818+00,65,27,2025-05-26 08:21:35.967673,1,1,,,,
1003,2,1,118132,BAHASA INGGRIS 1,2,2025-05-26 07:43:07.517818+00,66,15,2025-05-26 08:21:46.439232,1,1,,,,
1005,2,1,12218152,MATEMATIKA 1,2,2025-05-26 07:43:07.517818+00,70,3,2025-05-26 08:22:27.05444,1,1,,,,
1006,2,1,12218113,PROGRAM APLIKASI,3,2025-05-26 07:43:07.517818+00,71,48,2025-05-26 08:22:45.699523,1,1,,,,
1007,2,1,12218172,RANGKAIAN LISTRIK,2,2025-05-26 07:43:07.517818+00,67,20,2025-05-26 08:22:56.276949,1,1,,,,
1009,2,1,12218143,PENGENALAN KOMPUTER,3,2025-05-26 07:43:07.517818+00,62,40,2025-05-26 08:23:24.536746,2,1,,,,
1010,2,1,12218123,ALGORITMA PEMROGRAMAN,3,2025-05-26 07:43:07.517818+00,63,49,2025-05-26 08:23:45.461587,2,1,,,,
1011,2,1,12218162,RANGKAIAN DIGITAL,2,2025-05-26 07:43:07.517818+00,64,27,2025-05-26 08:23:57.935527,2,1,,,,
1013,2,1,118132,BAHASA INGGRIS 1,2,2025-05-26 07:43:07.517818+00,66,15,2025-05-26 08:24:22.748609,2,1,,,,
1014,2,1,12218172,RANGKAIAN LISTRIK,2,2025-05-26 07:43:07.517818+00,67,20,2025-05-26 08:24:35.752546,2,1,,,,
1015,2,1,12218101,PRAKTIKUM RANGKAIAN LISTRIK,1,2025-05-26 07:43:07.517818+00,68,20,2025-05-26 08:24:40.217026,2,1,,,,
1017,2,1,12218152,MATEMATIKA 1,2,2025-05-26 07:43:07.517818+00,70,3,2025-05-26 08:25:06.239191,2,1,,,,
1018,2,1,12218113,PROGRAM APLIKASI,3,2025-05-26 07:43:07.517818+00,71,48,2025-05-26 08:25:21.658413,2,1,,,,
1019,2,3,12218373,PROG LOGIC CONTROL 2,3,2025-05-26 07:43:07.517818+00,72,45,2025-05-26 08:26:02.253768,2,1,,,,
1021,2,3,12218382,RANGKAIAN ELEKTRONIKA,2,2025-05-26 07:43:07.517818+00,74,20,2025-05-26 08:26:18.64335,2,1,,,,
1022,2,3,12218391,PRAK RANGKAIAN ELEKTRONIKA,1,2025-05-26 07:43:07.517818+00,75,20,2025-05-26 08:26:23.037219,2,1,,,,
1024,2,3,12218353,TROUBLESHOOTING KOMPUTER,3,2025-05-26 07:43:07.517818+00,77,40,2025-05-26 08:27:12.851125,2,1,,,,
1025,2,3,12218333,PEMROGRAMAN TERSTRUKTUR,3,2025-05-26 07:43:07.517818+00,78,14,2025-05-26 08:27:24.771294,2,1,,,,
1026,2,3,12218363,MIKROPROSESSOR,3,2025-05-26 07:43:07.517818+00,79,40,2025-05-26 08:27:33.936772,2,1,,,,
1028,2,5,12218512,KOMUNIKASI DATA,2,2025-05-26 07:43:07.517818+00,81,27,2025-05-26 08:28:21.032987,2,1,,,,
1029,2,5,12218533,SISTEM DATABASE,3,2025-05-26 07:43:07.517818+00,82,14,2025-05-26 08:28:32.102889,2,1,,,,
1030,2,5,12218543,PEMROGRAMAN WEB,3,2025-05-26 07:43:07.517818+00,83,50,2025-05-26 08:28:41.540028,2,1,,,,
1032,2,5,12218572,TATA TULIS KARYA ILMIAH,2,2025-05-26 07:43:07.517818+00,85,14,2025-05-26 08:28:57.620826,2,1,,,,
1033,2,5,12218481,PRAKT. ELEKTRONIKA INDUSTRI,1,2025-05-26 07:43:07.517818+00,86,45,2025-05-26 08:29:09.536616,2,1,,,,
1034,2,5,12218523,ROBOTIKA,3,2025-05-26 07:43:07.517818+00,87,40,2025-05-26 08:29:16.849564,2,1,,,,
1036,3,1,13218101,Kalkulus I,3,2025-05-26 07:43:07.517818+00,115,3,2025-05-26 08:30:33.252897,1,1,,,,
1037,3,1,13118003,Pancasila,2,2025-05-26 07:43:07.517818+00,116,35,2025-05-26 08:30:55.749738,1,1,,,,
1038,3,1,13118007,Bahasa Inggris I,2,2025-05-26 07:43:07.517818+00,111,15,2025-05-26 08:31:41.543384,1,1,,,,
1040,3,1,13118001,Pendidikan Agama I,2,2025-05-26 07:43:07.517818+00,113,8,2025-05-26 08:32:05.268397,1,1,,,,
1041,3,1,13218103,Kimia Dasar,2,2025-05-26 07:43:07.517818+00,119,59,2025-05-26 08:32:16.309125,1,1,,,,
1042,3,1,13218102,Fisika I,2,2025-05-26 07:43:07.517818+00,118,58,2025-05-26 08:32:27.44559,1,1,,,,
1044,3,3,13218303,Statistik Industri II,3,2025-05-26 07:43:07.517818+00,120,37,2025-05-26 08:36:40.714375,1,1,,,,
1045,3,3,13218304,Penelitian Operasional I,3,2025-05-26 07:43:07.517818+00,121,38,2025-05-26 08:36:50.036449,1,1,,,,
1046,3,3,13218308,Praktikum Statistik,1,2025-05-26 07:43:07.517818+00,122,37,2025-05-26 08:37:23.294363,1,1,,,,
937,1,1,11318106,Menggambar Teknik,2,2025-05-26 07:43:07.517818+00,1,33,2025-05-26 07:51:24.022882,2,1,,,,
940,1,1,11118102,Bahasa Inggris I,2,2025-05-26 07:43:07.517818+00,3,60,2025-05-26 07:52:53.384145,1,1,,,,
939,1,1,11118101,Agama ,2,2025-05-26 07:43:07.517818+00,2,8,2025-05-26 07:52:26.298294,1,1,,,,
1048,3,3,13218309,Ekonomi Teknik,2,2025-05-26 07:43:07.517818+00,124,22,2025-05-26 08:38:02.119835,1,1,,,,
1054,3,5,13818507,Simulasi Sistem Industri,2,2025-05-26 07:43:07.517818+00,130,23,2025-05-26 08:40:41.451334,1,1,,,,
1057,3,5,13718506,Manajemen Proyek,2,2025-05-26 07:43:07.517818+00,133,22,2025-05-26 08:41:34.965439,1,1,,,,
1062,3,5,14118510,Manajemen Lingkungan,2,2025-05-26 07:43:07.517818+00,138,59,2025-05-26 08:42:43.886599,1,1,,,,
1058,3,5,13418503,Perencanaan & Pengembangan Produk,2,2025-05-26 07:43:07.517818+00,134,5,2025-05-26 08:41:46.895768,1,1,,,,
1059,3,5,14018509,Praktikum Sistem Produksi,1,2025-05-26 07:43:07.517818+00,135,19,2025-05-26 08:42:02.594005,1,1,,,,
1061,3,5,13218501,Sistem Informasi Manajemen,2,2025-05-26 07:43:07.517818+00,137,22,2025-05-26 08:42:29.716335,1,1,,,,
1063,3,5,13518504,Analisis Keputusan,2,2025-05-26 07:43:07.517818+00,139,9,2025-05-26 08:42:56.550236,1,1,,,,
1072,3,7,13215703,Analisis Kelayakan Usaha,2,2025-05-26 07:43:07.517818+00,144,28,2025-05-26 08:46:56.769094,1,1,,,,
1073,3,7,13215701,Keselamatan Kerja,2,2025-05-26 07:43:07.517818+00,145,10,2025-05-26 08:47:06.71321,1,1,,,,
1074,3,7,13415704,Bahasa Indonesia & Tata Tulis,3,2025-05-26 07:43:07.517818+00,146,19,2025-05-26 08:47:16.366134,1,1,,,,
1076,3,7,13315904,Manajemen Strategi,2,2025-05-26 07:43:07.517818+00,148,9,2025-05-26 08:47:43.798011,1,1,,,,
1077,3,1,13118007,Bahasa Inggris I,2,2025-05-26 07:43:07.517818+00,111,15,2025-05-26 08:49:43.046087,2,1,,,,
1078,3,1,13218104,Pengantar Ilmu Ekonomi,2,2025-05-26 07:43:07.517818+00,112,19,2025-05-26 08:49:52.466357,2,1,,,,
1080,3,1,13218105,Menggambar Teknik,2,2025-05-26 07:43:07.517818+00,114,57,2025-05-26 08:50:29.334269,2,1,,,,
1081,3,1,13218101,Kalkulus I,3,2025-05-26 07:43:07.517818+00,115,3,2025-05-26 08:50:41.058746,2,1,,,,
1083,3,1,13218102,Fisika I,2,2025-05-26 07:43:07.517818+00,118,58,2025-05-26 08:51:02.056487,2,1,,,,
1084,3,1,13218103,Kimia Dasar,2,2025-05-26 07:43:07.517818+00,119,59,2025-05-26 08:51:14.601497,2,1,,,,
1085,3,1,13218106,Pengantar Teknik Industri,3,2025-05-26 07:43:07.517818+00,117,28,2025-05-26 08:51:27.360319,2,1,,,,
1087,3,3,13218304,Penelitian Operasional I,3,2025-05-26 07:43:07.517818+00,121,38,2025-05-26 08:51:57.703747,2,1,,,,
1088,3,3,13218308,Praktikum Statistik,1,2025-05-26 07:43:07.517818+00,122,37,2025-05-26 08:52:08.55378,2,1,,,,
1089,3,3,13218305,Organisasi dan Manajemen,2,2025-05-26 07:43:07.517818+00,123,21,2025-05-26 08:52:18.92231,2,1,,,,
1091,3,3,13218302,Matematika Optimasi,3,2025-05-26 07:43:07.517818+00,125,32,2025-05-26 08:52:42.311409,2,1,,,,
1092,3,3,13218301,Ergonomi,2,2025-05-26 07:43:07.517818+00,126,5,2025-05-26 08:52:52.896292,2,1,,,,
1093,3,3,13218306,Analisis & Perancangan Kerja,3,2025-05-26 07:43:07.517818+00,127,5,2025-05-26 08:53:04.162632,2,1,,,,
1095,3,3,13218303,Statistik Industri II,3,2025-05-26 07:43:07.517818+00,120,37,2025-05-26 08:53:52.532106,2,2,,,,
1096,3,3,13218304,Penelitian Operasional I,3,2025-05-26 07:43:07.517818+00,121,38,2025-05-26 08:54:00.816013,2,2,,,,
1097,3,3,13218308,Praktikum Statistik,1,2025-05-26 07:43:07.517818+00,122,37,2025-05-26 08:54:09.783767,2,2,,,,
1099,3,3,13218309,Ekonomi Teknik,2,2025-05-26 07:43:07.517818+00,124,22,2025-05-26 08:54:49.166697,2,2,,,,
1100,3,3,13218302,Matematika Optimasi,3,2025-05-26 07:43:07.517818+00,125,32,2025-05-26 08:55:01.965254,2,2,,,,
1101,3,3,13218301,Ergonomi,2,2025-05-26 07:43:07.517818+00,126,5,2025-05-26 08:55:11.73092,2,2,,,,
1103,3,3,13218307,Praktikum Program Komputer,1,2025-05-26 07:43:07.517818+00,128,32,2025-05-26 08:55:41.515787,2,2,,,,
1104,3,5,13918508,Sistem Manufaktur,2,2025-05-26 07:43:07.517818+00,129,23,2025-05-26 08:56:38.633608,2,1,,,,
1105,3,5,13318502,Elektronika Industri,2,2025-05-26 07:43:07.517818+00,132,9,2025-05-26 08:56:55.270561,2,1,,,,
1107,3,5,13718506,Manajemen Proyek,2,2025-05-26 07:43:07.517818+00,133,22,2025-05-26 08:58:30.539961,2,1,,,,
1108,3,5,13418503,Perencanaan & Pengembangan Produk,2,2025-05-26 07:43:07.517818+00,134,5,2025-05-26 08:58:43.903764,2,1,,,,
1110,3,5,14018509,Praktikum Sistem Produksi,1,2025-05-26 07:43:07.517818+00,135,19,2025-05-26 08:59:27.738016,2,1,,,,
1111,3,5,13618505,Analisis Multivariat,2,2025-05-26 07:43:07.517818+00,136,37,2025-05-26 08:59:41.63564,2,1,,,,
1112,3,5,13218501,Sistem Informasi Manajemen,2,2025-05-26 07:43:07.517818+00,137,22,2025-05-26 08:59:50.125379,2,1,,,,
1114,3,5,13518504,Analisis Keputusan,2,2025-05-26 07:43:07.517818+00,139,9,2025-05-26 09:00:11.435191,2,1,,,,
1115,3,5,13318502,Elektronika Industri,2,2025-05-26 07:43:07.517818+00,132,9,2025-05-26 09:01:23.768103,2,2,,,,
1116,3,5,13918508,Sistem Manufaktur,2,2025-05-26 07:43:07.517818+00,129,23,2025-05-26 09:01:38.073532,2,2,,,,
1118,3,5,13718506,Manajemen Proyek,2,2025-05-26 07:43:07.517818+00,133,22,2025-05-26 09:02:16.763854,2,2,,,,
1119,3,5,14018509,Praktikum Sistem Produksi,1,2025-05-26 07:43:07.517818+00,135,19,2025-05-26 09:03:05.987988,2,2,,,,
1120,3,5,13618505,Analisis Multivariat,2,2025-05-26 07:43:07.517818+00,136,37,2025-05-26 09:03:15.950339,2,2,,,,
1122,3,5,14118510,Manajemen Lingkungan,2,2025-05-26 07:43:07.517818+00,138,59,2025-05-26 09:03:36.601889,2,2,,,,
1123,3,5,13518504,Analisis Keputusan,2,2025-05-26 07:43:07.517818+00,139,9,2025-05-26 09:03:46.33376,2,2,,,,
1124,3,5,13818507,Simulasi Sistem Industri,2,2025-05-26 07:43:07.517818+00,130,23,2025-05-26 09:03:58.7694,2,2,,,,
1126,3,7,13315916,Manajemen Distribusi,2,2025-05-26 07:43:07.517818+00,143,32,2025-05-26 09:04:32.821348,2,1,,,,
1127,3,7,13215703,Analisis Kelayakan Usaha,2,2025-05-26 07:43:07.517818+00,144,28,2025-05-26 09:04:44.46179,2,1,,,,
1128,3,7,13215701,Keselamatan Kerja,2,2025-05-26 07:43:07.517818+00,145,10,2025-05-26 09:04:55.667142,2,1,,,,
1130,3,7,13315702,Manajemen Kualitas,2,2025-05-26 07:43:07.517818+00,147,11,2025-05-26 09:05:18.276664,2,1,,,,
1131,3,7,13315904,Manajemen Strategi,2,2025-05-26 07:43:07.517818+00,148,9,2025-05-26 09:05:27.517333,2,1,,,,
1132,3,7,13315916,Manajemen Distribusi,2,2025-05-26 07:43:07.517818+00,143,32,2025-05-26 09:06:04.518488,2,2,,,,
1134,3,7,13215701,Keselamatan Kerja,2,2025-05-26 07:43:07.517818+00,145,10,2025-05-26 09:06:43.84772,2,2,,,,
1135,3,7,13415704,Bahasa Indonesia & Tata Tulis,3,2025-05-26 07:43:07.517818+00,146,19,2025-05-26 09:06:54.628341,2,2,,,,
1137,3,7,13315904,Manajemen Strategi,2,2025-05-26 07:43:07.517818+00,148,9,2025-05-26 09:07:18.260489,2,2,,,,
1138,4,1,14118101,AGAMA 1,2,2025-05-26 07:43:07.517818+00,184,8,2025-05-26 09:08:19.95607,1,1,,,,
1139,4,1,14118101,AGAMA 1,2,2025-05-26 07:43:07.517818+00,184,8,2025-05-26 09:08:26.494736,2,1,,,,
1141,4,1,14218105,PRAKT. TEKNIK DIGITAL,1,2025-05-26 07:43:07.517818+00,186,27,2025-05-26 09:08:57.124802,1,1,,,,
1142,4,1,14218104,TEKNIK DIGITAL,3,2025-05-26 07:43:07.517818+00,185,27,2025-05-26 09:09:05.586474,2,1,,,,
1143,4,1,14218105,PRAKT. TEKNIK DIGITAL,1,2025-05-26 07:43:07.517818+00,186,27,2025-05-26 09:09:10.942526,2,1,,,,
1145,4,1,14218102,ALGORITMA PEMROGRAMAN 1,3,2025-05-26 07:43:07.517818+00,187,49,2025-05-26 09:09:44.435213,2,1,,,,
1146,4,1,14218103,PRAKT. ALGORITMA PEMROGRAMAN 1,1,2025-05-26 07:43:07.517818+00,188,49,2025-05-26 09:09:49.228772,2,1,,,,
1147,4,1,14218103,PRAKT. ALGORITMA PEMROGRAMAN 1,1,2025-05-26 07:43:07.517818+00,188,49,2025-05-26 09:09:55.885837,1,1,,,,
1149,4,1,14218101,PENGANTAR TEKNOLOGI INFORMASI,3,2025-05-26 07:43:07.517818+00,189,48,2025-05-26 09:10:19.850884,2,1,,,,
1150,4,1,14518101,PANCASILA,2,2025-05-26 07:43:07.517818+00,190,35,2025-05-26 09:10:37.211184,1,1,,,,
1151,4,1,14518101,PANCASILA,2,2025-05-26 07:43:07.517818+00,190,35,2025-05-26 09:10:44.561585,2,1,,,,
1051,3,3,13218306,Analisis & Perancangan Kerja,3,2025-05-26 07:43:07.517818+00,127,28,2025-05-26 08:39:45.746087,1,1,,,,
1055,3,5,14218511,Praktikum Simulasi Sistem Industri,1,2025-05-26 07:43:07.517818+00,131,23,2025-05-26 08:40:57.986335,1,1,,,,
1053,3,5,13918508,Sistem Manufaktur,2,2025-05-26 07:43:07.517818+00,129,23,2025-05-26 08:40:31.560214,1,1,,,,
1152,4,1,14418101,KALKULUS 1,3,2025-05-26 07:43:07.517818+00,191,61,2025-05-26 09:10:58.036213,1,1,,,,
1205,5,1,15120102,BAHASA INGGRIS,2,2025-05-26 07:43:07.517818+00,243,18,2025-05-26 10:42:53.243159,2,1,,,,
1206,5,1,15120103,PANCASILA,2,2025-05-26 07:43:07.517818+00,244,2,2025-05-26 10:43:13.725846,2,1,,,,
1207,5,1,15120103,PANCASILA,2,2025-05-26 07:43:07.517818+00,244,2,2025-05-26 10:43:22.287842,1,1,,,,
1209,5,1,15320104,MATRA VISUAL 2D,4,2025-05-26 07:43:07.517818+00,245,17,2025-05-26 10:43:51.484867,2,1,,,,
1210,5,1,15220105,SEJARAH DESAIN,3,2025-05-26 07:43:07.517818+00,246,43,2025-05-26 10:44:25.888216,1,1,,,,
1211,5,1,15220105,SEJARAH DESAIN,3,2025-05-26 07:43:07.517818+00,246,4,2025-05-26 10:44:33.531798,2,1,,,,
1213,5,1,15320106,GAMBAR BENTUK ,3,2025-05-26 07:43:07.517818+00,247,17,2025-05-26 10:45:27.046821,1,1,,,,
1214,5,1,15320107,FOTOGRAFI DASAR,3,2025-05-26 07:43:07.517818+00,248,31,2025-05-26 10:45:32.773294,1,1,,,,
1215,5,1,15320107,FOTOGRAFI DASAR,3,2025-05-26 07:43:07.517818+00,248,63,2025-05-26 10:48:17.14052,2,1,,,,
1217,5,1,15220108,KREATIFITAS,3,2025-05-26 07:43:07.517818+00,249,41,2025-05-26 10:48:51.772479,1,1,,,,
1218,5,3,13318301,DKV 1 (STILASI),4,2025-05-26 07:43:07.517818+00,250,43,2025-05-26 13:34:55.722619,1,1,,,,
1220,5,3,13318301,DKV 1 (STILASI),4,2025-05-26 07:43:07.517818+00,250,43,2025-05-26 13:35:27.789472,2,1,,,,
1222,5,3,13318302,TIPOGRAFI,3,2025-05-26 07:43:07.517818+00,251,16,2025-05-26 13:39:12.983358,2,1,,,,
1223,5,3,13218303,METODOLOGI DESAIN,3,2025-05-26 07:43:07.517818+00,252,4,2025-05-26 13:39:38.301661,2,1,,,,
1225,5,3,13318304,ILUSTRASI DESAIN,3,2025-05-26 07:43:07.517818+00,253,43,2025-05-26 13:40:20.285276,1,1,,,,
1226,5,3,13318304,ILUSTRASI DESAIN,3,2025-05-26 07:43:07.517818+00,253,43,2025-05-26 13:40:27.945305,2,1,,,,
1227,5,3,13218305,PSIKOLOGI DESAIN,3,2025-05-26 07:43:07.517818+00,254,21,2025-05-26 13:40:53.352806,2,1,,,,
1229,5,3,13218306,SOSIOLOGI DESAIN,3,2025-05-26 07:43:07.517818+00,255,41,2025-05-26 13:41:22.373591,1,1,,,,
1219,5,3,13218306,SOSIOLOGI DESAIN,3,2025-05-26 07:43:07.517818+00,255,4,2025-05-26 13:35:04.216586,2,1,,,,
1230,5,3,13218307,UPCYCLE,3,2025-05-26 07:43:07.517818+00,256,55,2025-05-26 13:42:54.238167,2,1,,,,
1232,5,5,13318501,5 III (ADVERTISING),4,2025-05-26 07:43:07.517818+00,257,56,2025-05-26 13:43:44.797012,1,1,,,,
1236,5,5,13318503,DESAIN WEBSITE,3,2025-05-26 07:43:07.517818+00,259,49,2025-05-26 13:44:30.047054,1,1,,,,
1233,5,5,13318501,5 III (ADVERTISING),4,2025-05-26 07:43:07.517818+00,257,56,2025-05-26 13:43:56.745774,2,1,,,,
1234,5,5,13318502,INFO GRAFIS,3,2025-05-26 07:43:07.517818+00,258,63,2025-05-26 13:44:12.036386,2,1,,,,
1242,5,5,13318506,ANIMASI 3D,3,2025-05-26 07:43:07.517818+00,262,55,2025-05-26 13:46:29.640865,1,1,,,,
1237,5,5,13318503,DESAIN WEBSITE,3,2025-05-26 07:43:07.517818+00,259,49,2025-05-26 13:44:42.94834,2,1,,,,
1245,5,5,13218507,DESAIN KEMASAN,3,2025-05-26 07:43:07.517818+00,263,55,2025-05-26 13:47:31.098718,1,1,,,,
1238,5,5,13318504,AUDIO VISUAL,3,2025-05-26 07:43:07.517818+00,260,31,2025-05-26 13:45:08.773556,2,1,,,,
942,1,1,11318107,Penget. Bahan Teknik,3,2025-05-26 07:43:07.517818+00,4,30,2025-05-26 07:53:25.207103,2,1,,,,
1160,4,3,14218316,PRAKT. STRUKTUR DATA,1,2025-05-26 07:43:07.517818+00,200,40,2025-05-26 09:13:22.511155,1,1,,,,
1161,4,3,14218316,PRAKT. STRUKTUR DATA,1,2025-05-26 07:43:07.517818+00,200,40,2025-05-26 09:13:30.77902,2,1,,,,
1163,4,3,14218317,TEORI BAHASA & OTOMATA,3,2025-05-26 07:43:07.517818+00,195,62,2025-05-26 09:14:29.761848,1,1,,,,
1164,4,3,14218311,ALGORITMA PEMROGRAMAN 3,3,2025-05-26 07:43:07.517818+00,196,31,2025-05-26 09:14:51.227129,1,1,,,,
1165,4,3,14218312,PRAKT. ALGORITMA PEMROGRAMAN 3,1,2025-05-26 07:43:07.517818+00,197,31,2025-05-26 09:14:57.075998,1,1,,,,
1167,4,3,14218312,PRAKT. ALGORITMA PEMROGRAMAN 3,1,2025-05-26 07:43:07.517818+00,197,31,2025-05-26 09:15:10.334871,2,1,,,,
1168,4,3,14218313,BASIS DATA,3,2025-05-26 07:43:07.517818+00,198,51,2025-05-26 09:15:19.517204,2,1,,,,
1170,4,3,14218313,BASIS DATA,3,2025-05-26 07:43:07.517818+00,198,51,2025-05-26 09:15:29.456373,1,1,,,,
1171,4,3,14218314,PRAKT. BASIS DATA,1,2025-05-26 07:43:07.517818+00,199,51,2025-05-26 09:15:35.440543,1,1,,,,
1172,4,5,14218526,BASIS DATA LANJUT (BDL),3,2025-05-26 07:43:07.517818+00,201,53,2025-05-26 09:16:13.539615,2,1,,,,
1174,4,5,14218526,BASIS DATA LANJUT (BDL),3,2025-05-26 07:43:07.517818+00,201,53,2025-05-26 09:16:58.064416,2,2,,,,
1175,4,5,14418506,KESELAMATAN & KESEHATAN KERJA (K3),3,2025-05-26 07:43:07.517818+00,202,52,2025-05-26 09:17:44.323318,1,1,,,,
1176,4,5,14518502,BAHASA INGGRIS,2,2025-05-26 07:43:07.517818+00,203,15,2025-05-26 09:42:52.910208,1,1,,,,
1178,4,5,14418506,KESELAMATAN & KESEHATAN KERJA (K3),3,2025-05-26 07:43:07.517818+00,202,27,2025-05-26 09:43:45.130299,2,2,,,,
1179,4,5,14518502,BAHASA INGGRIS,2,2025-05-26 07:43:07.517818+00,203,15,2025-05-26 09:43:51.266192,2,2,,,,
1180,4,5,14518502,BAHASA INGGRIS,2,2025-05-26 07:43:07.517818+00,203,15,2025-05-26 09:43:57.796721,2,1,,,,
1182,4,5,14218527,PEMROGRAMAN API,3,2025-05-26 07:43:07.517818+00,204,36,2025-05-26 09:44:47.388572,2,1,,,,
1183,4,5,14218527,PEMROGRAMAN API,3,2025-05-26 07:43:07.517818+00,204,36,2025-05-26 09:44:55.127427,2,2,,,,
1184,4,5,14218525,PENGOLAHAN CITRA DIGITAL,3,2025-05-26 07:43:07.517818+00,205,14,2025-05-26 09:45:17.875072,2,2,,,,
1186,4,5,14218525,PENGOLAHAN CITRA DIGITAL,3,2025-05-26 07:43:07.517818+00,205,14,2025-05-26 09:45:33.009518,1,1,,,,
1187,4,5,14518503,KEWARGANEGARAAN,2,2025-05-26 07:43:07.517818+00,206,35,2025-05-26 09:45:57.92023,1,1,,,,
1188,4,5,14518503,KEWARGANEGARAAN,2,2025-05-26 07:43:07.517818+00,206,35,2025-05-26 09:46:05.988049,2,1,,,,
1190,4,7,14213733,PROYEK PERANGKAT LUNAK,3,2025-05-26 07:43:07.517818+00,208,34,2025-05-26 09:47:41.941875,2,1,,,,
1191,4,7,14213733,PROYEK PERANGKAT LUNAK,3,2025-05-26 07:43:07.517818+00,208,34,2025-05-26 09:47:54.677702,1,1,,,,
1192,4,7,14213733,PROYEK PERANGKAT LUNAK,3,2025-05-26 07:43:07.517818+00,208,34,2025-05-26 09:48:04.230497,2,2,,,,
1194,4,7,14213741,MT. KULIAH PILIHAN 4 (SIST INFORMASI GEOGRAFIS),3,2025-05-26 07:43:07.517818+00,209,6,2025-05-26 09:48:27.47334,2,1,,,,
1195,4,7,14213741,MT. KULIAH PILIHAN 4 (SIST INFORMASI GEOGRAFIS),3,2025-05-26 07:43:07.517818+00,209,6,2025-05-26 09:48:33.33457,2,2,,,,
1197,4,7,14213738,JARINGAN NIRKABEL,3,2025-05-26 07:43:07.517818+00,210,62,2025-05-26 09:48:49.166643,2,1,,,,
1198,4,7,14213738,JARINGAN NIRKABEL,3,2025-05-26 07:43:07.517818+00,210,62,2025-05-26 09:48:54.80496,2,2,,,,
1199,4,7,14413712,KEWIRAUSAHAAN,3,2025-05-26 07:43:07.517818+00,211,7,2025-05-26 09:49:12.76973,2,2,,,,
1201,4,7,14413712,KEWIRAUSAHAAN,3,2025-05-26 07:43:07.517818+00,211,7,2025-05-26 09:49:26.69661,2,1,,,,
1202,5,1,15120101,AGAMA ISLAM 1,2,2025-05-26 07:43:07.517818+00,242,54,2025-05-26 10:34:41.453473,1,1,,,,
1240,5,5,13318505,METODE GRAFIKA,3,2025-05-26 07:43:07.517818+00,261,56,2025-05-26 13:46:01.198158,1,1,,,,
1241,5,5,13318504,AUDIO VISUAL,3,2025-05-26 07:43:07.517818+00,260,31,2025-05-26 13:46:05.640026,1,1,,,,
1244,5,5,13218507,DESAIN KEMASAN,3,2025-05-26 07:43:07.517818+00,263,16,2025-05-26 13:47:07.443835,2,1,,,,
936,1,1,11318106,Menggambar Teknik,2,2025-05-26 07:43:07.517818+00,1,33,2025-05-26 07:50:42.387465,1,1,,,,
1203,5,1,15120101,AGAMA ISLAM 1,2,2025-05-26 07:43:07.517818+00,242,54,2025-05-26 10:34:58.161715,2,1,,,,
938,1,1,11118101,Agama ,2,2025-05-26 07:43:07.517818+00,2,54,2025-05-26 07:51:50.915167,2,1,,,,
1155,4,3,14418304,MATEMATIKA DISKRIT,3,2025-05-26 07:43:07.517818+00,192,14,2025-05-26 09:12:08.387183,2,1,,,,
1156,4,3,14418305,METODE NUMERIK,3,2025-05-26 07:43:07.517818+00,193,6,2025-05-26 09:12:35.627989,1,1,,,,
1157,4,3,14418305,METODE NUMERIK,3,2025-05-26 07:43:07.517818+00,193,6,2025-05-26 09:12:41.440379,2,1,,,,
1159,4,3,14218315,STRUKTUR DATA,3,2025-05-26 07:43:07.517818+00,194,40,2025-05-26 09:13:13.688646,1,1,,,,
1086,3,3,13218303,Statistik Industri II,3,2025-05-26 07:43:07.517818+00,120,37,2025-05-26 08:51:47.209922,2,1,,,,
1098,3,3,13218305,Organisasi dan Manajemen,2,2025-05-26 07:43:07.517818+00,123,21,2025-05-26 08:54:37.963841,2,2,,,,
1113,3,5,14118510,Manajemen Lingkungan,2,2025-05-26 07:43:07.517818+00,138,59,2025-05-26 09:00:00.142924,2,1,,,,
1125,3,5,14218511,Praktikum Simulasi Sistem Industri,1,2025-05-26 07:43:07.517818+00,131,23,2025-05-26 09:04:04.327735,2,2,,,,
1140,4,1,14218104,TEKNIK DIGITAL,3,2025-05-26 07:43:07.517818+00,185,27,2025-05-26 09:08:52.17039,1,1,,,,
1158,4,3,14218315,STRUKTUR DATA,3,2025-05-26 07:43:07.517818+00,194,40,2025-05-26 09:13:00.996626,2,1,,,,
1173,4,5,14218526,BASIS DATA LANJUT (BDL),3,2025-05-26 07:43:07.517818+00,201,53,2025-05-26 09:16:40.508167,1,1,,,,
1185,4,5,14218525,PENGOLAHAN CITRA DIGITAL,3,2025-05-26 07:43:07.517818+00,205,14,2025-05-26 09:45:23.596695,2,1,,,,
1200,4,7,14413712,KEWIRAUSAHAAN,3,2025-05-26 07:43:07.517818+00,211,7,2025-05-26 09:49:18.640571,1,1,,,,
946,1,1,11318108,Proses Manufaktur I,2,2025-05-26 07:43:07.517818+00,6,13,2025-05-26 07:54:51.092207,2,1,,,,
977,1,3,11318305,Termodinamika ,3,2025-05-26 07:43:07.517818+00,13,33,2025-05-26 08:09:01.884526,2,2,,,,
989,1,5,11318506,Manajemen Produksi,2,2025-05-26 07:43:07.517818+00,22,47,2025-05-26 08:12:32.630307,2,1,,,,
1004,2,1,12218182,MENGGAMBAR TEKNIK,2,2025-05-26 07:43:07.517818+00,69,48,2025-05-26 08:22:09.255244,1,1,,,,
1016,2,1,12218182,MENGGAMBAR TEKNIK,2,2025-05-26 07:43:07.517818+00,69,40,2025-05-26 08:24:57.032102,2,1,,,,
1031,2,5,12218553,PEMROGRAMAN JAVA,3,2025-05-26 07:43:07.517818+00,84,50,2025-05-26 08:28:47.146161,2,1,,,,
1043,3,1,13218106,Pengantar Teknik Industri,3,2025-05-26 07:43:07.517818+00,117,28,2025-05-26 08:36:15.624934,1,1,,,,
1049,3,3,13218302,Matematika Optimasi,3,2025-05-26 07:43:07.517818+00,125,32,2025-05-26 08:38:35.714641,1,1,,,,
1052,3,3,13218307,Praktikum Program Komputer,1,2025-05-26 07:43:07.517818+00,128,32,2025-05-26 08:40:04.816992,1,1,,,,
1071,3,7,13315916,Manajemen Distribusi,2,2025-05-26 07:43:07.517818+00,143,32,2025-05-26 08:46:38.439463,1,1,,,,
969,1,3,11118301,Pend. Kewarganegaraan,2,2025-05-26 07:43:07.517818+00,9,35,2025-05-26 08:07:24.143229,2,2,,,,
981,1,3,11318308,Metrologi Industri,2,2025-05-26 07:43:07.517818+00,16,25,2025-05-26 08:09:43.98146,2,1,,,,
993,1,7,11315702,Teknik Perautan,3,2025-05-26 07:43:07.517818+00,26,24,2025-05-26 08:17:25.388746,2,1,,,,
996,1,7,11315705,Mekatronika,3,2025-05-26 07:43:07.517818+00,29,58,2025-05-26 08:18:12.778799,2,1,,,,
1008,2,1,12218101,PRAKTIKUM RANGKAIAN LISTRIK,1,2025-05-26 07:43:07.517818+00,68,20,2025-05-26 08:23:00.336363,1,1,,,,
1020,2,3,12218342,SISTEM PENGATURAN,2,2025-05-26 07:43:07.517818+00,73,45,2025-05-26 08:26:09.941464,2,1,,,,
1023,2,3,12218322,PENGANTAR MESIN LISTRIK,2,2025-05-26 07:43:07.517818+00,76,4,2025-05-26 08:26:56.630174,2,1,,,,
1035,3,1,13218105,Menggambar Teknik,2,2025-05-26 07:43:07.517818+00,114,57,2025-05-26 08:30:22.46848,1,1,,,,
1047,3,3,13218305,Organisasi dan Manajemen,2,2025-05-26 07:43:07.517818+00,123,21,2025-05-26 08:37:51.465738,1,1,,,,
1056,3,5,13318502,Elektronika Industri,2,2025-05-26 07:43:07.517818+00,132,9,2025-05-26 08:41:14.746578,1,1,,,,
1075,3,7,13315702,Manajemen Kualitas,2,2025-05-26 07:43:07.517818+00,147,11,2025-05-26 08:47:36.445079,1,1,,,,
1090,3,3,13218309,Ekonomi Teknik,2,2025-05-26 07:43:07.517818+00,124,22,2025-05-26 08:52:32.297083,2,1,,,,
1102,3,3,13218306,Analisis & Perancangan Kerja,3,2025-05-26 07:43:07.517818+00,127,5,2025-05-26 08:55:24.985511,2,2,,,,
1117,3,5,13418503,Perencanaan & Pengembangan Produk,2,2025-05-26 07:43:07.517818+00,134,5,2025-05-26 09:02:05.13728,2,2,,,,
1129,3,7,13415704,Bahasa Indonesia & Tata Tulis,3,2025-05-26 07:43:07.517818+00,146,19,2025-05-26 09:05:06.927126,2,1,,,,
1144,4,1,14218102,ALGORITMA PEMROGRAMAN 1,3,2025-05-26 07:43:07.517818+00,187,20,2025-05-26 09:09:35.881284,1,1,,,,
1153,4,1,14418101,KALKULUS 1,3,2025-05-26 07:43:07.517818+00,191,3,2025-05-26 09:11:08.087775,2,1,,,,
1162,4,3,14218317,TEORI BAHASA & OTOMATA,3,2025-05-26 07:43:07.517818+00,195,50,2025-05-26 09:14:08.64481,2,1,,,,
1177,4,5,14418506,KESELAMATAN & KESEHATAN KERJA (K3),3,2025-05-26 07:43:07.517818+00,202,53,2025-05-26 09:43:30.215347,2,1,,,,
1189,4,5,14518503,KEWARGANEGARAAN,2,2025-05-26 07:43:07.517818+00,206,35,2025-05-26 09:46:12.226425,2,2,,,,
1204,5,1,15120102,BAHASA INGGRIS,2,2025-05-26 07:43:07.517818+00,243,18,2025-05-26 10:42:45.052372,1,1,,,,
950,1,1,11218104,Matematika I,3,2025-05-26 07:43:07.517818+00,7,61,2025-05-26 07:55:21.772189,1,1,,,,
1196,4,7,14213738,JARINGAN NIRKABEL,3,2025-05-26 07:43:07.517818+00,210,62,2025-05-26 09:48:43.396571,1,1,,,,
1208,5,1,15320104,MATRA VISUAL 2D,4,2025-05-26 07:43:07.517818+00,245,17,2025-05-26 10:43:39.200759,1,1,,,,
1212,5,1,15320106,GAMBAR BENTUK ,3,2025-05-26 07:43:07.517818+00,247,17,2025-05-26 10:44:49.011403,2,1,,,,
1216,5,1,15220108,KREATIFITAS,3,2025-05-26 07:43:07.517818+00,249,41,2025-05-26 10:48:45.219621,2,1,,,,
1221,5,3,13318302,TIPOGRAFI,3,2025-05-26 07:43:07.517818+00,251,55,2025-05-26 13:39:05.03226,1,1,,,,
1224,5,3,13218303,METODOLOGI DESAIN,3,2025-05-26 07:43:07.517818+00,252,28,2025-05-26 13:40:08.945566,1,1,,,,
1228,5,3,13218305,PSIKOLOGI DESAIN,3,2025-05-26 07:43:07.517818+00,254,41,2025-05-26 13:41:07.131842,1,1,,,,
1231,5,3,13218307,UPCYCLE,3,2025-05-26 07:43:07.517818+00,256,17,2025-05-26 13:43:06.484095,1,1,,,,
1235,5,5,13318502,INFO GRAFIS,3,2025-05-26 07:43:07.517818+00,258,31,2025-05-26 13:44:18.765278,1,1,,,,
1239,5,5,13318505,METODE GRAFIKA,3,2025-05-26 07:43:07.517818+00,261,16,2025-05-26 13:45:42.066128,2,1,,,,
1243,5,5,13318506,ANIMASI 3D,3,2025-05-26 07:43:07.517818+00,262,55,2025-05-26 13:46:43.465963,2,1,,,,
973,1,3,11218303,Matematika Rekayasa,3,2025-05-26 07:43:07.517818+00,11,61,2025-05-26 08:08:02.915372,2,2,,,,
985,1,5,11218502,T & Prak Pneu Hidraulik,3,2025-05-26 07:43:07.517818+00,18,33,2025-05-26 08:11:34.982858,2,1,,,,
1000,2,1,12218123,ALGORITMA PEMROGRAMAN,3,2025-05-26 07:43:07.517818+00,63,14,2025-05-26 08:21:07.896082,1,1,,,,
1012,2,1,12218191,PRAKTIKUM RANGKAIAN DIGITAL,1,2025-05-26 07:43:07.517818+00,65,27,2025-05-26 08:24:03.318131,2,1,,,,
1027,2,3,118312,PENDIDIKAN AGAMA,2,2025-05-26 07:43:07.517818+00,80,8,2025-05-26 08:27:42.679484,2,1,,,,
1039,3,1,13218104,Pengantar Ilmu Ekonomi,2,2025-05-26 07:43:07.517818+00,112,19,2025-05-26 08:31:55.394911,1,1,,,,
1050,3,3,13218301,Ergonomi,2,2025-05-26 07:43:07.517818+00,126,5,2025-05-26 08:39:20.859703,1,1,,,,
1060,3,5,13618505,Analisis Multivariat,2,2025-05-26 07:43:07.517818+00,136,37,2025-05-26 08:42:15.61319,1,1,,,,
1079,3,1,13118001,Pendidikan Agama I,2,2025-05-26 07:43:07.517818+00,113,8,2025-05-26 08:50:12.150142,2,1,,,,
1082,3,1,13118003,Pancasila,2,2025-05-26 07:43:07.517818+00,116,35,2025-05-26 08:50:49.473755,2,1,,,,
1094,3,3,13218307,Praktikum Program Komputer,1,2025-05-26 07:43:07.517818+00,128,32,2025-05-26 08:53:14.181373,2,1,,,,
1106,3,5,13818507,Simulasi Sistem Industri,2,2025-05-26 07:43:07.517818+00,130,23,2025-05-26 08:58:04.455463,2,1,,,,
1109,3,5,14218511,Praktikum Simulasi Sistem Industri,1,2025-05-26 07:43:07.517818+00,131,19,2025-05-26 08:59:07.631122,2,1,,,,
1121,3,5,13218501,Sistem Informasi Manajemen,2,2025-05-26 07:43:07.517818+00,137,22,2025-05-26 09:03:28.105346,2,2,,,,
1133,3,7,13215703,Analisis Kelayakan Usaha,2,2025-05-26 07:43:07.517818+00,144,28,2025-05-26 09:06:28.275599,2,2,,,,
1136,3,7,13315702,Manajemen Kualitas,2,2025-05-26 07:43:07.517818+00,147,11,2025-05-26 09:07:10.616224,2,2,,,,
1148,4,1,14218101,PENGANTAR TEKNOLOGI INFORMASI,3,2025-05-26 07:43:07.517818+00,189,48,2025-05-26 09:10:13.283079,1,1,,,,
1154,4,3,14418304,MATEMATIKA DISKRIT,3,2025-05-26 07:43:07.517818+00,192,14,2025-05-26 09:12:03.672236,1,1,,,,
1166,4,3,14218311,ALGORITMA PEMROGRAMAN 3,3,2025-05-26 07:43:07.517818+00,196,31,2025-05-26 09:15:05.792438,2,1,,,,
1169,4,3,14218314,PRAKT. BASIS DATA,1,2025-05-26 07:43:07.517818+00,199,51,2025-05-26 09:15:23.531913,2,1,,,,
1181,4,5,14218527,PEMROGRAMAN API,3,2025-05-26 07:43:07.517818+00,204,36,2025-05-26 09:44:32.468534,1,1,,,,
1193,4,7,14213741,MT. KULIAH PILIHAN 4 (SIST INFORMASI GEOGRAFIS),3,2025-05-26 07:43:07.517818+00,209,6,2025-05-26 09:48:20.839594,1,1,,,,
